"","age_years","gender3_factor","education_factor_7type","Ethnicity","vote_choice","vote2020","ideology"
"1",56,"Male","High School or GED","Cambodian","Joe Biden",1,"Somewhat Liberal"
"2",31,"Male","Bachelors 4-yr","Filipino","Joe Biden",1,"Somewhat Liberal"
"3",40,"Male","Post-graduate","Filipino","Joe Biden",1,"Moderate"
"4",32,"Female","Bachelors 4-yr","Vietnamese","Joe Biden",1,"Very Liberal"
"5",70,"Female","Post-graduate","Thai","Joe Biden",1,"Somewhat Liberal"
"6",41,"Male","Post-graduate","Filipino","Joe Biden",1,"Very Liberal"
"7",66,"Male","Bachelors 4-yr","Vietnamese","Joe Biden",1,"Somewhat Liberal"
"8",36,"Male","Bachelors 4-yr","Filipino","Joe Biden",1,"Somewhat Liberal"
"9",63,"Male","Post-graduate","Filipino","Donald Trump",1,"Somewhat Conservative"
"10",80,"Female","Some college","Filipino","Joe Biden",1,"Moderate"
"11",20,"Female","Some college","Vietnamese","Joe Biden",1,"Somewhat Liberal"
"12",37,"Male","Bachelors 4-yr","Filipino","Joe Biden",1,"Somewhat Liberal"
"13",49,"Female","Post-graduate","Thai","Joe Biden",1,"Moderate"
"14",32,"Female","Bachelors 4-yr","Filipino","Joe Biden",1,"Somewhat Liberal"
"15",34,"Female","Associates 2-yr","Filipino","Joe Biden",1,"Somewhat Liberal"
"16",37,"Male","High School or GED","Filipino","Joe Biden",1,"Moderate"
"17",39,"Male","Bachelors 4-yr","Vietnamese","Joe Biden",1,"Somewhat Liberal"
"18",38,"Male","Bachelors 4-yr","Filipino","Joe Biden",1,"Moderate"
"19",65,"Male","Post-graduate","Filipino","Donald Trump",1,"Somewhat Conservative"
"20",56,"Female","Bachelors 4-yr","Thai","Donald Trump",1,"Moderate"
"21",73,"Female","Bachelors 4-yr","Filipino","Donald Trump",1,"Somewhat Conservative"
"22",38,"Male","Post-graduate","Filipino","Joe Biden",1,"Somewhat Liberal"
"23",28,"Female","Post-graduate","Filipino","Joe Biden",1,"Very Liberal"
"24",19,"Female","Some college","Vietnamese","Joe Biden",1,"Very Liberal"
"25",33,"Female","Bachelors 4-yr","Vietnamese","Joe Biden",1,"Moderate"
"26",22,"Male","Associates 2-yr","Vietnamese","Joe Biden",1,"Very Conservative"
"27",23,"Male","Some college","Thai","Howie Hawkins",1,"Very Conservative"
"28",41,"Female","Bachelors 4-yr","Filipino","Joe Biden",1,"Somewhat Liberal"
"29",69,"Male","Some college","Vietnamese","Jo Jorgensen",0,"Moderate"
"30",39,"Female","Post-graduate","Filipino","Donald Trump",1,"Somewhat Conservative"
"31",22,"Male","Some college","Cambodian","Joe Biden",1,"Somewhat Liberal"
"32",30,"Female","Bachelors 4-yr","Vietnamese","Joe Biden",1,"Somewhat Conservative"
"33",36,"Female","Bachelors 4-yr","Filipino","Joe Biden",1,"Very Liberal"
"34",45,"Female","Bachelors 4-yr","Filipino","Joe Biden",1,"Moderate"
"35",38,"Male","Post-graduate","Filipino","Joe Biden",1,"Somewhat Liberal"
"36",48,"Male","Post-graduate","Vietnamese","Joe Biden",1,"Somewhat Liberal"
"37",41,"Male","Post-graduate","Lao","Joe Biden",1,"Somewhat Liberal"
"38",49,"Female","Some college","Filipino","Joe Biden",1,"Moderate"
"39",45,"Male","Bachelors 4-yr","Filipino","Joe Biden",1,"Moderate"
"40",40,"Female","Bachelors 4-yr","Filipino","Donald Trump",1,"Somewhat Conservative"
"41",40,"Female","Bachelors 4-yr","Filipino","Joe Biden",1,"Moderate"
"42",45,"Male","Bachelors 4-yr","Vietnamese","Joe Biden",1,"Somewhat Liberal"
"43",45,"Male","Bachelors 4-yr","Vietnamese","Joe Biden",1,"Somewhat Liberal"
"44",22,"Female","Bachelors 4-yr","Filipino","Joe Biden",1,"Somewhat Liberal"
"45",49,"Male","Bachelors 4-yr","Filipino","Joe Biden",1,"Very Liberal"
"46",42,"Female","Bachelors 4-yr","Vietnamese","Joe Biden",1,"Very Conservative"
"47",44,"Female","Post-graduate","Filipino","Donald Trump",1,"Somewhat Conservative"
"48",36,"Female","Bachelors 4-yr","Filipino","Joe Biden",1,"Somewhat Liberal"
"49",34,"Male","Associates 2-yr","Vietnamese","Donald Trump",1,"Somewhat Conservative"
"50",21,"Female","Associates 2-yr","Vietnamese","Joe Biden",1,"Moderate"
"51",41,"Female","Post-graduate","Vietnamese","Joe Biden",1,"Moderate"
"52",61,"Male","Bachelors 4-yr","Vietnamese","Donald Trump",1,"Moderate"
"53",39,"Female","Some college","Vietnamese","Joe Biden",1,"Moderate"
"54",23,"Female","Bachelors 4-yr","Vietnamese","Joe Biden",1,"Somewhat Liberal"
"55",65,"Male","Post-graduate","Vietnamese","Donald Trump",1,"Very Conservative"
"56",65,"Male","Post-graduate","Vietnamese","Donald Trump",1,"Very Conservative"
"57",43,"Female","Bachelors 4-yr","Thai","Donald Trump",1,"Moderate"
"58",35,"Female","Post-graduate","Vietnamese","Donald Trump",1,"Moderate"
"59",45,"Female","Bachelors 4-yr","Filipino","Joe Biden",1,"Moderate"
"60",60,"Female","Bachelors 4-yr","Vietnamese","Joe Biden",1,"Moderate"
"61",59,"Male","Bachelors 4-yr","Vietnamese","Joe Biden",1,"Moderate"
"62",34,"Female","Post-graduate","Vietnamese","Donald Trump",1,"Moderate"
"63",53,"Male","High School or GED","Cambodian","Joe Biden",0,"Somewhat Conservative"
"64",50,"Female","Some college","Filipino","Joe Biden",1,"Moderate"
"65",71,"Female","Some college","Filipino","Joe Biden",1,"Moderate"
"66",47,"Female","Bachelors 4-yr","Filipino","Joe Biden",1,"Moderate"
"67",38,"Male","High School or GED","Filipino","Joe Biden",1,"Moderate"
"68",33,"Female","Post-graduate","Filipino","Joe Biden",1,"Moderate"
"69",44,"Male","Bachelors 4-yr","Vietnamese","Joe Biden",1,"Moderate"
"70",47,"Female","Bachelors 4-yr","Filipino","Joe Biden",1,"Somewhat Liberal"
"71",55,"Male","Post-graduate","Filipino","Joe Biden",1,"Somewhat Liberal"
"72",46,"Female","Bachelors 4-yr","Vietnamese","Joe Biden",0,"Somewhat Conservative"
"73",48,"Male","Bachelors 4-yr","Filipino","Donald Trump",1,"Somewhat Conservative"
"74",57,"Female","Post-graduate","Filipino","Joe Biden",1,"Moderate"
"75",21,"Female","Some college","Vietnamese","Joe Biden",1,"Somewhat Liberal"
"76",28,"Female","Post-graduate","Vietnamese","Someone Else",1,"Very Conservative"
"77",68,"Female","Bachelors 4-yr","Filipino","Donald Trump",1,"Moderate"
"78",63,"Female","Some college","Filipino","Joe Biden",1,"Very Liberal"
"79",77,"Female","Bachelors 4-yr","Filipino","Joe Biden",1,"Moderate"
"80",50,"Male","High School or GED","Cambodian","Donald Trump",0,"Moderate"
"81",43,"Male","Post-graduate","Vietnamese","Donald Trump",1,"Moderate"
"82",26,"Female","Post-graduate","Filipino","Joe Biden",1,"Moderate"
"83",36,"Male","Bachelors 4-yr","Thai","Joe Biden",1,"Somewhat Liberal"
"84",34,"Female","Bachelors 4-yr","Vietnamese","Jo Jorgensen",0,"Moderate"
"85",44,"Female","Bachelors 4-yr","Filipino","Joe Biden",1,"Somewhat Liberal"
"86",53,"Female","Associates 2-yr","Vietnamese","Donald Trump",1,"Moderate"
"87",34,"Female","Some college","Thai","Donald Trump",1,"Somewhat Conservative"
"88",32,"Male","Post-graduate","Filipino","Joe Biden",1,"Very Liberal"
"89",62,"Male","Post-graduate","Vietnamese","Joe Biden",1,"Moderate"
"90",87,"Female","Grades 1-8","Filipino","Joe Biden",1,"Moderate"
"91",43,"Male","Some college","Filipino","Joe Biden",1,"Moderate"
"92",42,"Male","Post-graduate","Vietnamese","Donald Trump",1,"Moderate"
"93",55,"Female","High School or GED","Vietnamese","Donald Trump",1,"Moderate"
"94",18,"Male","Some college","Vietnamese","Joe Biden",1,"Somewhat Liberal"
"95",70,"Male","Bachelors 4-yr","Filipino","Joe Biden",1,"Very Liberal"
"96",49,"Male","Bachelors 4-yr","Vietnamese","Donald Trump",1,"Moderate"
"97",73,"Male","High School or GED","Vietnamese","Donald Trump",1,"Somewhat Conservative"
"98",32,"Female","Bachelors 4-yr","Filipino","Joe Biden",1,"Somewhat Conservative"
"99",33,"Female","Post-graduate","Vietnamese","Joe Biden",1,"Very Liberal"
"100",39,"Male","Post-graduate","Filipino","Joe Biden",1,"Somewhat Liberal"
"101",30,"Female","Post-graduate","Lao","Donald Trump",1,"Moderate"
"102",31,"Female","High School or GED","Thai","Donald Trump",0,"Somewhat Conservative"
"103",34,"Female","Post-graduate","Vietnamese","Joe Biden",1,"Somewhat Liberal"
"104",46,"Male","Bachelors 4-yr","Vietnamese","Joe Biden",1,"Moderate"
"105",49,"Male","Post-graduate","Filipino","Joe Biden",1,"Somewhat Liberal"
"106",44,"Male","Post-graduate","Filipino","Joe Biden",1,"Moderate"
"107",54,"Female","Post-graduate","Thai","Donald Trump",1,"Moderate"
"108",54,"Female","Post-graduate","Thai","Donald Trump",1,"Moderate"
"109",35,"Female","Bachelors 4-yr","Cambodian","Joe Biden",1,"Very Liberal"
"110",34,"Female","Post-graduate","Filipino","Joe Biden",1,"Very Liberal"
"111",74,"Male","Bachelors 4-yr","Thai","Joe Biden",1,"Somewhat Conservative"
"112",33,"Female","Bachelors 4-yr","Vietnamese","Joe Biden",1,"Moderate"
"113",45,"Female","Post-graduate","Thai","Joe Biden",1,"Somewhat Liberal"
"114",47,"Female","Post-graduate","Vietnamese","Joe Biden",1,"Very Liberal"
"115",34,"Male","Associates 2-yr","Filipino","Jo Jorgensen",1,"Somewhat Liberal"
"116",56,"Female","Bachelors 4-yr","Vietnamese","Joe Biden",1,"Moderate"
"117",38,"Female","Associates 2-yr","Filipino","Donald Trump",0,"Somewhat Conservative"
"118",46,"Male","High School or GED","Thai","Joe Biden",1,"Very Conservative"
"119",29,"Female","Some college","Hmong","None of These",0,"Moderate"
"120",37,"Female","Post-graduate","Vietnamese","Donald Trump",1,"Somewhat Conservative"
"121",27,"Female","Bachelors 4-yr","Vietnamese","Donald Trump",1,"Somewhat Conservative"
"122",37,"Male","Bachelors 4-yr","Lao","Joe Biden",1,"Very Liberal"
"123",44,"Female","Bachelors 4-yr","Lao","Someone Else",1,"Moderate"
"124",18,"Female","Some college","Vietnamese","None of These",0,"Very Liberal"
"125",25,"Female","Bachelors 4-yr","Vietnamese","Joe Biden",1,"Somewhat Liberal"
"126",25,"Female","Bachelors 4-yr","Hmong","Joe Biden",1,"Somewhat Conservative"
"127",64,"Male","Bachelors 4-yr","Filipino","Joe Biden",1,"Moderate"
"128",18,"Female","Some college","Vietnamese","Joe Biden",1,"Somewhat Liberal"
"129",36,"Female","Bachelors 4-yr","Lao","Jo Jorgensen",1,"Moderate"
"130",47,"Male","Post-graduate","Filipino","Joe Biden",1,"Somewhat Liberal"
"131",68,"Male","Post-graduate","Vietnamese","Donald Trump",1,"Somewhat Conservative"
"132",37,"Female","Associates 2-yr","Filipino","Donald Trump",1,"Moderate"
"133",35,"Male","Some college","Filipino","Joe Biden",1,"Somewhat Liberal"
"134",44,"Male","Bachelors 4-yr","Filipino","Joe Biden",1,"Somewhat Liberal"
"135",59,"Male","Associates 2-yr","Filipino","Joe Biden",1,"Somewhat Liberal"
"136",27,"Female","Some college","Filipino","Joe Biden",1,"Somewhat Liberal"
"137",59,"Male","Bachelors 4-yr","Filipino","Donald Trump",1,"Somewhat Conservative"
"138",48,"Female","Bachelors 4-yr","Filipino","Joe Biden",1,"Moderate"
"139",48,"Male","Some college","Filipino","Donald Trump",1,"Somewhat Conservative"
"140",35,"Male","Bachelors 4-yr","Thai","Joe Biden",1,"Very Liberal"
"141",39,"Male","Bachelors 4-yr","Filipino","Joe Biden",1,"Moderate"
"142",28,"Male","Bachelors 4-yr","Filipino","Joe Biden",1,"Very Liberal"
"143",34,"Male","Associates 2-yr","Filipino","Joe Biden",1,"Somewhat Liberal"
"144",46,"Male","Some college","Filipino","Joe Biden",1,"Moderate"
"145",30,"Female","Post-graduate","Vietnamese","Joe Biden",1,"Moderate"
"146",68,"Male","High School or GED","Filipino","Joe Biden",1,"Somewhat Conservative"
"147",40,"Female","Bachelors 4-yr","Vietnamese","Joe Biden",1,"Moderate"
"148",40,"Female","Bachelors 4-yr","Vietnamese","Joe Biden",1,"Moderate"
"149",42,"Female","Bachelors 4-yr","Vietnamese","Joe Biden",1,"Moderate"
"150",42,"Female","Bachelors 4-yr","Vietnamese","Joe Biden",1,"Moderate"
"151",33,"Female","Associates 2-yr","Filipino","Donald Trump",1,"Moderate"
"152",18,"Female","Some college","Thai","None of These",0,"Very Conservative"
"153",36,"Male","Post-graduate","Vietnamese","Joe Biden",1,"Moderate"
"154",31,"Female","Associates 2-yr","Vietnamese","Donald Trump",1,"Somewhat Liberal"
"155",33,"Male","Bachelors 4-yr","Vietnamese","Joe Biden",1,"Somewhat Liberal"
"156",41,"Female","Some college","Thai","Joe Biden",0,"Moderate"
"157",42,"Male","Post-graduate","Vietnamese","Donald Trump",1,"Somewhat Liberal"
"158",28,"Male","Bachelors 4-yr","Filipino","Joe Biden",1,"Very Liberal"
"159",25,"Male","Some college","Vietnamese","Joe Biden",1,"Somewhat Liberal"
"160",59,"Female","Bachelors 4-yr","Vietnamese","Joe Biden",1,"Moderate"
"161",38,"Female","Post-graduate","Vietnamese","Donald Trump",1,"Moderate"
"162",57,"Male","Bachelors 4-yr","Vietnamese","Joe Biden",1,"Somewhat Liberal"
"163",19,"Male","Some college","Vietnamese","Joe Biden",1,"Somewhat Liberal"
"164",54,"Female","High School or GED","Filipino","Donald Trump",1,"Moderate"
"165",44,"Male","Bachelors 4-yr","Lao","Joe Biden",1,"Somewhat Conservative"
"166",60,"Female","Some High School","Vietnamese","Joe Biden",1,"Very Conservative"
"167",19,"Female","High School or GED","Vietnamese","Joe Biden",1,"Somewhat Liberal"
"168",64,"Male","Bachelors 4-yr","Filipino","Joe Biden",1,"Somewhat Conservative"
"169",31,"Female","Post-graduate","Vietnamese","Joe Biden",1,"Very Liberal"
"170",59,"Female","Bachelors 4-yr","Filipino","Donald Trump",1,"Somewhat Conservative"
"171",45,"Female","Post-graduate","Filipino","Joe Biden",1,"Somewhat Conservative"
"172",25,"Female","Bachelors 4-yr","Thai","Joe Biden",1,"Very Liberal"
"173",77,"Male","Post-graduate","Filipino","Howie Hawkins",1,"Moderate"
"174",41,"Female","Associates 2-yr","Vietnamese","Joe Biden",1,"Moderate"
"175",37,"Male","Bachelors 4-yr","Vietnamese","Donald Trump",0,"Somewhat Liberal"
"176",60,"Male","Post-graduate","Filipino","Joe Biden",1,"Moderate"
"177",41,"Female","Some college","Filipino","Joe Biden",1,"Somewhat Liberal"
"178",43,"Female","Bachelors 4-yr","Vietnamese","Jo Jorgensen",1,"Moderate"
"179",47,"Female","Post-graduate","Vietnamese","Joe Biden",1,"Moderate"
"180",41,"Female","Bachelors 4-yr","Vietnamese","Joe Biden",1,"Moderate"
"181",40,"Female","Bachelors 4-yr","Vietnamese","Donald Trump",1,"Moderate"
"182",54,"Female","Bachelors 4-yr","Filipino","Donald Trump",1,"Somewhat Conservative"
"183",30,"Female","Post-graduate","Vietnamese","Joe Biden",1,"Moderate"
"184",53,"Male","Bachelors 4-yr","Filipino","Joe Biden",1,"Moderate"
"185",21,"Male","Some college","Vietnamese","Joe Biden",1,"Somewhat Liberal"
"186",47,"Male","Bachelors 4-yr","Vietnamese","Joe Biden",1,"Moderate"
"187",45,"Female","Bachelors 4-yr","Vietnamese","Joe Biden",1,"Moderate"
"188",36,"Male","Post-graduate","Vietnamese","Joe Biden",0,"Somewhat Liberal"
"189",35,"Male","Bachelors 4-yr","Vietnamese","Donald Trump",1,"Moderate"
"190",44,"Female","Bachelors 4-yr","Vietnamese","Joe Biden",1,"Moderate"
"191",38,"Male","Some college","Vietnamese","Joe Biden",1,"Somewhat Liberal"
"192",45,"Male","Bachelors 4-yr","Vietnamese","Donald Trump",1,"Moderate"
"193",35,"Male","Bachelors 4-yr","Filipino","Donald Trump",1,"Somewhat Conservative"
"194",51,"Female","Bachelors 4-yr","Filipino","Donald Trump",0,"Moderate"
"195",32,"Male","Bachelors 4-yr","Vietnamese","Donald Trump",1,"Somewhat Conservative"
"196",45,"Female","Bachelors 4-yr","Vietnamese","Joe Biden",1,"Moderate"
"197",70,"Female","Bachelors 4-yr","Filipino","Donald Trump",1,"Moderate"
"198",70,"Male","Post-graduate","Vietnamese","Joe Biden",1,"Moderate"
"199",49,"Female","Post-graduate","Filipino","Joe Biden",1,"Moderate"
"200",27,"Male","Post-graduate","Cambodian","Joe Biden",1,"Very Liberal"
"201",35,"Female","Bachelors 4-yr","Filipino","Joe Biden",1,"Somewhat Liberal"
"202",64,"Male","Associates 2-yr","Vietnamese","Joe Biden",1,"Moderate"
"203",35,"Male","Bachelors 4-yr","Vietnamese","Joe Biden",1,"Moderate"
"204",34,"Male","Bachelors 4-yr","Vietnamese","Joe Biden",1,"Somewhat Liberal"
"205",57,"Male","Post-graduate","Filipino","Joe Biden",1,"Moderate"
"206",31,"Female","Bachelors 4-yr","Vietnamese","Joe Biden",1,"Moderate"
"207",30,"Female","Some college","Filipino","Donald Trump",1,"Moderate"
"208",33,"Female","Bachelors 4-yr","Vietnamese","Donald Trump",1,"Moderate"
"209",49,"Male","Post-graduate","Filipino","Joe Biden",1,"Moderate"
"210",33,"Female","Bachelors 4-yr","Lao","Jo Jorgensen",1,"Somewhat Conservative"
"211",32,"Female","High School or GED","Filipino","Donald Trump",1,"Somewhat Conservative"
"212",63,"Female","Grades 1-8","Filipino","Donald Trump",1,"Somewhat Conservative"
"213",26,"Female","Post-graduate","Vietnamese","Joe Biden",1,"Moderate"
"214",31,"Female","Bachelors 4-yr","Vietnamese","Joe Biden",1,"Somewhat Liberal"
"215",57,"Female","Bachelors 4-yr","Vietnamese","Joe Biden",1,"Somewhat Conservative"
"216",31,"Female","Some college","Vietnamese","Joe Biden",1,"Moderate"
"217",44,"Female","High School or GED","Vietnamese","Joe Biden",1,"Moderate"
"218",57,"Female","Post-graduate","Filipino","Joe Biden",1,"Very Liberal"
"219",65,"Female","Bachelors 4-yr","Filipino","Joe Biden",1,"Moderate"
"220",75,"Male","Post-graduate","Filipino","Donald Trump",1,"Moderate"
"221",35,"Male","Post-graduate","Filipino","Joe Biden",1,"Moderate"
"222",51,"Male","Bachelors 4-yr","Filipino","Joe Biden",1,"Somewhat Conservative"
"223",32,"Male","Bachelors 4-yr","Filipino","Joe Biden",1,"Moderate"
"224",26,"Male","High School or GED","Filipino","Joe Biden",1,"Somewhat Liberal"
"225",45,"Female","Bachelors 4-yr","Filipino","Someone Else",1,"Moderate"
"226",41,"Female","Bachelors 4-yr","Filipino","Joe Biden",1,"Somewhat Liberal"
"227",41,"Female","Bachelors 4-yr","Vietnamese","Joe Biden",1,"Moderate"
"228",31,"Female","Bachelors 4-yr","Vietnamese","Joe Biden",1,"Moderate"
"229",55,"Female","Bachelors 4-yr","Vietnamese","Joe Biden",1,"Moderate"
"230",60,"Female","Associates 2-yr","Filipino","Joe Biden",1,"Moderate"
"231",44,"Male","Bachelors 4-yr","Filipino","Joe Biden",1,"Moderate"
"232",32,"Female","Post-graduate","Cambodian","Joe Biden",1,"Somewhat Liberal"
"233",34,"Male","Bachelors 4-yr","Thai","Joe Biden",1,"Moderate"
"234",42,"Female","Some college","Filipino","Joe Biden",1,"Moderate"
"235",62,"Female","Post-graduate","Filipino","Joe Biden",1,"Somewhat Liberal"
"236",52,"Female","Post-graduate","Filipino","Joe Biden",1,"Moderate"
"237",28,"Female","Post-graduate","Filipino","Joe Biden",1,"Somewhat Liberal"
"238",48,"Female","Post-graduate","Filipino","Joe Biden",1,"Moderate"
"239",32,"Female","Some college","Vietnamese","Donald Trump",1,"Moderate"
"240",44,"Female","Bachelors 4-yr","Vietnamese","Donald Trump",1,"Somewhat Conservative"
"241",37,"Female","Bachelors 4-yr","Vietnamese","Joe Biden",1,"Moderate"
"242",33,"Female","Bachelors 4-yr","Filipino","Donald Trump",1,"Moderate"
"243",43,"Male","Bachelors 4-yr","Filipino","Joe Biden",1,"Somewhat Liberal"
"244",31,"Male","Bachelors 4-yr","Filipino","Joe Biden",1,"Moderate"
"245",38,"Male","Associates 2-yr","Filipino","Joe Biden",1,"Very Liberal"
"246",29,"Female","Bachelors 4-yr","Filipino","Joe Biden",1,"Moderate"
"247",48,"Female","Bachelors 4-yr","Filipino","Joe Biden",1,"Moderate"
"248",51,"Male","Bachelors 4-yr","Filipino","Joe Biden",1,"Very Liberal"
"249",84,"Male","Post-graduate","Filipino","Donald Trump",1,"Somewhat Conservative"
"250",40,"Female","Bachelors 4-yr","Filipino","Joe Biden",1,"Somewhat Liberal"
"251",57,"Male","Bachelors 4-yr","Filipino","Joe Biden",1,"Somewhat Liberal"
"252",39,"Female","Bachelors 4-yr","Filipino","Joe Biden",1,"Somewhat Liberal"
"253",65,"Male","Post-graduate","Vietnamese","Donald Trump",1,"Somewhat Conservative"
"254",34,"Female","Post-graduate","Vietnamese","Donald Trump",1,"Somewhat Conservative"
"255",49,"Female","Some High School","Vietnamese","Donald Trump",1,"Moderate"
"256",40,"Male","Bachelors 4-yr","Vietnamese","Donald Trump",1,"Moderate"
"257",51,"Female","Associates 2-yr","Vietnamese","Donald Trump",1,"Moderate"
"258",45,"Male","Post-graduate","Vietnamese","Donald Trump",1,"Somewhat Conservative"
"259",54,"Male","Some college","Filipino","Joe Biden",1,"Somewhat Liberal"
"260",36,"Female","High School or GED","Cambodian","Howie Hawkins",1,"Very Conservative"
"261",53,"Male","Post-graduate","Vietnamese","Joe Biden",1,"Moderate"
"262",51,"Male","Bachelors 4-yr","Filipino","Joe Biden",1,"Somewhat Liberal"
"263",24,"Male","Bachelors 4-yr","Filipino","Joe Biden",1,"Moderate"
"264",26,"Female","Bachelors 4-yr","Vietnamese","Joe Biden",1,"Somewhat Liberal"
"265",28,"Female","Post-graduate","Filipino","Joe Biden",1,"Very Liberal"
"266",41,"Female","Post-graduate","Filipino","Joe Biden",1,"Somewhat Liberal"
"267",47,"Male","Bachelors 4-yr","Filipino","Joe Biden",1,"Moderate"
"268",37,"Female","Bachelors 4-yr","Filipino","Joe Biden",1,"Somewhat Liberal"
"269",40,"Female","Bachelors 4-yr","Filipino","Joe Biden",1,"Moderate"
"270",39,"Male","Post-graduate","Filipino","Joe Biden",1,"Very Liberal"
"271",23,"Female","Bachelors 4-yr","Vietnamese","Joe Biden",1,"Very Liberal"
"272",32,"Female","Post-graduate","Filipino","Joe Biden",1,"Moderate"
"273",49,"Male","Bachelors 4-yr","Thai","Donald Trump",1,"Moderate"
"274",41,"Female","Some college","Vietnamese","Donald Trump",1,"Moderate"
"275",27,"Male","Post-graduate","Vietnamese","Joe Biden",0,"Somewhat Liberal"
"276",54,"Male","Post-graduate","Filipino","Joe Biden",1,"Somewhat Liberal"
"277",56,"Female","Bachelors 4-yr","Filipino","Joe Biden",1,"Very Liberal"
"278",44,"Male","Bachelors 4-yr","Filipino","Joe Biden",1,"Moderate"
"279",33,"Female","Bachelors 4-yr","Filipino","Joe Biden",1,"Somewhat Liberal"
"280",73,"Male","Bachelors 4-yr","Filipino","Joe Biden",1,"Moderate"
"281",57,"Male","Associates 2-yr","Filipino","Donald Trump",1,"Somewhat Conservative"
"282",27,"Male","Bachelors 4-yr","Vietnamese","Donald Trump",1,"Somewhat Conservative"
"283",51,"Female","Associates 2-yr","Filipino","Joe Biden",1,"Somewhat Liberal"
"284",48,"Male","Bachelors 4-yr","Filipino","Donald Trump",1,"Somewhat Liberal"
"285",35,"Male","Post-graduate","Vietnamese","Joe Biden",1,"Very Liberal"
"286",80,"Male","Bachelors 4-yr","Filipino","Donald Trump",1,"Somewhat Conservative"
"287",48,"Female","Bachelors 4-yr","Filipino","Joe Biden",1,"Somewhat Liberal"
"288",49,"Female","Bachelors 4-yr","Filipino","Donald Trump",1,"Very Conservative"
"289",47,"Female","Post-graduate","Vietnamese","Joe Biden",0,"Moderate"
"290",57,"Female","Bachelors 4-yr","Filipino","Joe Biden",1,"Moderate"
"291",22,"Female","Bachelors 4-yr","Vietnamese","Joe Biden",1,"Somewhat Liberal"
"292",33,"Female","Bachelors 4-yr","Vietnamese","Joe Biden",1,"Moderate"
"293",74,"Female","Some college","Filipino","Joe Biden",1,"Somewhat Conservative"
"294",36,"Female","Some college","Cambodian","Joe Biden",1,"Moderate"
"295",34,"Male","Some college","Vietnamese","Joe Biden",1,"Very Liberal"
"296",68,"Female","Bachelors 4-yr","Filipino","Jo Jorgensen",1,"Very Conservative"
"297",56,"Female","Post-graduate","Vietnamese","Joe Biden",1,"Moderate"
"298",50,"Male","Post-graduate","Filipino","Jo Jorgensen",1,"Somewhat Liberal"
"299",26,"Female","Bachelors 4-yr","Vietnamese","Joe Biden",1,"Somewhat Liberal"
"300",52,"Male","Bachelors 4-yr","Vietnamese","Joe Biden",1,"Somewhat Liberal"
"301",51,"Female","Bachelors 4-yr","Filipino","Joe Biden",1,"Moderate"
"302",28,"Female","Bachelors 4-yr","Vietnamese","Joe Biden",1,"Very Liberal"
"303",29,"Female","Post-graduate","Vietnamese","Joe Biden",1,"Somewhat Conservative"
"304",30,"Female","Post-graduate","Vietnamese","Joe Biden",1,"Somewhat Liberal"
"305",25,"Female","Post-graduate","Cambodian","Joe Biden",1,"Somewhat Liberal"
"306",47,"Female","Post-graduate","Vietnamese","Joe Biden",1,"Somewhat Liberal"
"307",27,"Female","Bachelors 4-yr","Vietnamese","Joe Biden",1,"Very Liberal"
"308",71,"Male","Post-graduate","Vietnamese","Donald Trump",1,"Somewhat Conservative"
"309",28,"Female","Post-graduate","Vietnamese","Joe Biden",1,"Somewhat Liberal"
"310",31,"Female","Post-graduate","Vietnamese","Donald Trump",1,"Somewhat Conservative"
"311",20,"Female","Bachelors 4-yr","Vietnamese","Joe Biden",1,"Somewhat Liberal"
"312",35,"Female","Bachelors 4-yr","Vietnamese","Donald Trump",0,"Moderate"
"313",64,"Female","Bachelors 4-yr","Vietnamese","Donald Trump",1,"Moderate"
"314",28,"Male","Some High School","Vietnamese","Joe Biden",0,"Moderate"
"315",20,"Female","Some college","Vietnamese","Joe Biden",1,"Very Liberal"
"316",37,"Male","Associates 2-yr","Vietnamese","Joe Biden",1,"Moderate"
"317",39,"Male","Bachelors 4-yr","Vietnamese","Donald Trump",1,"Somewhat Conservative"
"318",27,"Female","Some college","Vietnamese","Joe Biden",1,"Moderate"
"319",20,"Female","Some college","Vietnamese","Joe Biden",1,"Somewhat Liberal"
"320",71,"Female","Some college","Vietnamese","Donald Trump",1,"Somewhat Liberal"
"321",38,"Male","Associates 2-yr","Vietnamese","Donald Trump",1,"Somewhat Conservative"
"322",50,"Male","Post-graduate","Vietnamese","Someone Else",1,"Moderate"
"323",33,"Male","Some college","Filipino","Joe Biden",1,"Moderate"
"324",47,"Female","Associates 2-yr","Filipino","Joe Biden",1,"Moderate"
"325",43,"Male","Associates 2-yr","Filipino","Joe Biden",1,"Moderate"
"326",27,"Male","Bachelors 4-yr","Hmong","Joe Biden",1,"Somewhat Liberal"
"327",63,"Male","Bachelors 4-yr","Filipino","Donald Trump",1,"Moderate"
"328",49,"Female","Some college","Filipino","Joe Biden",1,"Very Conservative"
"329",60,"Female","Bachelors 4-yr","Filipino","Joe Biden",1,"Moderate"
"330",67,"Female","Bachelors 4-yr","Filipino","Joe Biden",1,"Moderate"
"331",40,"Female","Post-graduate","Vietnamese","Joe Biden",1,"Moderate"
"332",51,"Female","Associates 2-yr","Filipino","Joe Biden",1,"Very Conservative"
"333",39,"Male","Bachelors 4-yr","Filipino","Joe Biden",1,"Moderate"
"334",38,"Female","Post-graduate","Filipino","Joe Biden",1,"Very Liberal"
"335",60,"Male","Bachelors 4-yr","Vietnamese","Joe Biden",1,"Moderate"
"336",60,"Male","Post-graduate","Vietnamese","Joe Biden",1,"Moderate"
"337",41,"Male","Bachelors 4-yr","Vietnamese","Joe Biden",1,"Somewhat Liberal"
"338",40,"Male","Post-graduate","Thai","Joe Biden",1,"Very Conservative"
"339",53,"Female","Bachelors 4-yr","Filipino","Joe Biden",1,"Somewhat Liberal"
"340",18,"Female","High School or GED","Vietnamese","Joe Biden",1,"Moderate"
"341",62,"Female","High School or GED","Filipino","Joe Biden",1,"Moderate"
"342",41,"Male","High School or GED","Filipino","Joe Biden",1,"Very Conservative"
"343",71,"Female","Bachelors 4-yr","Filipino","Joe Biden",1,"Moderate"
"344",56,"Male","Bachelors 4-yr","Filipino","Joe Biden",1,"Somewhat Liberal"
"345",70,"Male","Post-graduate","Vietnamese","Joe Biden",1,"Moderate"
"346",77,"Female","Some college","Filipino","Joe Biden",1,"Moderate"
"347",58,"Male","Post-graduate","Filipino","Joe Biden",1,"Moderate"
"348",57,"Female","Post-graduate","Filipino","Joe Biden",1,"Moderate"
"349",30,"Female","Bachelors 4-yr","Vietnamese","Joe Biden",1,"Moderate"
"350",53,"Male","Post-graduate","Vietnamese","Donald Trump",1,"Somewhat Conservative"
"351",56,"Female","Some college","Filipino","Joe Biden",1,"Somewhat Liberal"
"352",43,"Male","Associates 2-yr","Filipino","Joe Biden",1,"Somewhat Liberal"
"353",53,"Female","Bachelors 4-yr","Filipino","Joe Biden",1,"Moderate"
"354",47,"Female","Bachelors 4-yr","Filipino","Joe Biden",1,"Somewhat Liberal"
"355",37,"Female","Associates 2-yr","Filipino","Joe Biden",1,"Somewhat Liberal"
"356",37,"Female","Associates 2-yr","Filipino","Joe Biden",1,"Somewhat Liberal"
"357",47,"Male","Bachelors 4-yr","Filipino","Joe Biden",1,"Moderate"
"358",37,"Female","Post-graduate","Filipino","Joe Biden",1,"Moderate"
"359",30,"Female","Bachelors 4-yr","Vietnamese","Joe Biden",1,"Very Liberal"
"360",30,"Male","Some High School","Vietnamese","Joe Biden",0,"Moderate"
"361",20,"Female","Some college","Vietnamese","Joe Biden",1,"Somewhat Liberal"
"362",32,"Female","Bachelors 4-yr","Vietnamese","None of These",0,"Very Liberal"
"363",66,"Female","Bachelors 4-yr","Vietnamese","Joe Biden",1,"Moderate"
"364",32,"Female","Post-graduate","Filipino","Donald Trump",1,"Somewhat Conservative"
"365",65,"Female","Bachelors 4-yr","Filipino","Joe Biden",1,"Moderate"
"366",33,"Male","Post-graduate","Vietnamese","Joe Biden",1,"Moderate"
"367",59,"Male","Post-graduate","Vietnamese","Donald Trump",1,"Somewhat Conservative"
"368",48,"Female","Post-graduate","Vietnamese","Joe Biden",1,"Moderate"
"369",27,"Female","Post-graduate","Vietnamese","Joe Biden",1,"Very Liberal"
"370",61,"Male","Associates 2-yr","Vietnamese","Donald Trump",1,"Very Liberal"
"371",32,"Male","Grades 1-8","Vietnamese","Donald Trump",1,"Somewhat Liberal"
"372",46,"Female","Bachelors 4-yr","Vietnamese","Joe Biden",1,"Moderate"
"373",22,"Male","Bachelors 4-yr","Vietnamese","Joe Biden",1,"Somewhat Liberal"
"374",40,"Male","Post-graduate","Vietnamese","Joe Biden",1,"Moderate"
"375",25,"Female","Post-graduate","Vietnamese","Joe Biden",1,"Very Liberal"
"376",44,"Male","Bachelors 4-yr","Vietnamese","Joe Biden",1,"Somewhat Liberal"
"377",32,"Female","Bachelors 4-yr","Vietnamese","Joe Biden",1,"Moderate"
"378",21,"Female","Some college","Vietnamese","Joe Biden",1,"Very Liberal"
"379",68,"Female","Post-graduate","Filipino","Donald Trump",1,"Somewhat Conservative"
"380",55,"Female","Some college","Filipino","Joe Biden",1,"Somewhat Liberal"
"381",36,"Male","Post-graduate","Vietnamese","Joe Biden",1,"Somewhat Liberal"
"382",39,"Male","Some college","Filipino","Joe Biden",0,"Very Conservative"
"383",31,"Female","Post-graduate","Vietnamese","Joe Biden",1,"Very Liberal"
"384",41,"Male","Post-graduate","Vietnamese","Joe Biden",1,"Moderate"
"385",51,"Male","Post-graduate","Vietnamese","Donald Trump",1,"Very Conservative"
"386",56,"Male","Bachelors 4-yr","Vietnamese","Joe Biden",1,"Very Conservative"
"387",36,"Female","Bachelors 4-yr","Filipino","Someone Else",1,"Somewhat Liberal"
"388",70,"Female","Bachelors 4-yr","Filipino","Joe Biden",1,"Moderate"
"389",43,"Male","Bachelors 4-yr","Thai","Joe Biden",1,"Moderate"
"390",34,"Female","Post-graduate","Vietnamese","Joe Biden",1,"Somewhat Conservative"
"391",53,"Female","Bachelors 4-yr","Filipino","Joe Biden",1,"Moderate"
"392",59,"Female","Bachelors 4-yr","Filipino","Joe Biden",1,"Moderate"
"393",40,"Female","Bachelors 4-yr","Filipino","Joe Biden",1,"Somewhat Liberal"
"394",32,"Male","Post-graduate","Vietnamese","Donald Trump",1,"Somewhat Conservative"
"395",29,"Female","Bachelors 4-yr","Hmong","Joe Biden",1,"Moderate"
"396",53,"Female","Some college","Filipino","Joe Biden",1,"Moderate"
"397",56,"Female","Bachelors 4-yr","Filipino","Joe Biden",1,"Somewhat Liberal"
"398",26,"Male","Some college","Hmong","Joe Biden",0,"Moderate"
"399",49,"Female","Post-graduate","Vietnamese","Joe Biden",1,"Moderate"
"400",30,"Male","Bachelors 4-yr","Hmong","Jo Jorgensen",1,"Very Conservative"
"401",18,"Female","High School or GED","Thai","Joe Biden",1,"Somewhat Liberal"
"402",34,"Male","Some college","Lao","Joe Biden",1,"Moderate"
"403",41,"Male","Some college","Filipino","Donald Trump",1,"Very Conservative"
"404",56,"Male","Bachelors 4-yr","Filipino","Joe Biden",1,"Very Liberal"
"405",21,"Female","Some college","Hmong","None of These",0,"Moderate"
"406",21,"Female","Some college","Hmong","None of These",0,"Moderate"
"407",28,"Female","Associates 2-yr","Vietnamese","Joe Biden",1,"Moderate"
"408",52,"Female","High School or GED","Filipino","Joe Biden",1,"Somewhat Liberal"
"409",42,"Female","Post-graduate","Filipino","Joe Biden",1,"Somewhat Conservative"
"410",60,"Male","Bachelors 4-yr","Filipino","Donald Trump",1,"Somewhat Conservative"
"411",23,"Female","Associates 2-yr","Vietnamese","Donald Trump",1,"Somewhat Conservative"
"412",55,"Male","Post-graduate","Vietnamese","Joe Biden",1,"Somewhat Conservative"
"413",25,"Other","Bachelors 4-yr","Filipino","Joe Biden",1,"Very Liberal"
"414",44,"Male","Post-graduate","Vietnamese","Joe Biden",1,"Somewhat Conservative"
"415",61,"Female","Bachelors 4-yr","Filipino","Joe Biden",1,"Moderate"
"416",27,"Female","Bachelors 4-yr","Vietnamese","Joe Biden",1,"Somewhat Liberal"
"417",59,"Male","Some High School","Vietnamese","Joe Biden",1,"Moderate"
"418",53,"Male","Post-graduate","Filipino","Donald Trump",1,"Somewhat Conservative"
"419",31,"Male","Some college","Vietnamese","Donald Trump",1,"Somewhat Conservative"
"420",30,"Female","Post-graduate","Filipino","Joe Biden",0,"Moderate"
"421",34,"Female","Bachelors 4-yr","Vietnamese","Joe Biden",1,"Moderate"
"422",38,"Male","Associates 2-yr","Vietnamese","Joe Biden",1,"Moderate"
"423",64,"Male","Bachelors 4-yr","Filipino","Joe Biden",1,"Somewhat Conservative"
"424",45,"Male","Bachelors 4-yr","Filipino","Joe Biden",1,"Moderate"
"425",53,"Male","Bachelors 4-yr","Thai","Joe Biden",1,"Moderate"
"426",70,"Male","Some High School","Vietnamese","Joe Biden",1,"Moderate"
"427",56,"Male","Bachelors 4-yr","Vietnamese","Donald Trump",1,"Somewhat Conservative"
"428",56,"Male","Bachelors 4-yr","Vietnamese","Donald Trump",1,"Moderate"
"429",37,"Female","Some college","Vietnamese","Joe Biden",1,"Moderate"
"430",63,"Female","Bachelors 4-yr","Filipino","Joe Biden",1,"Moderate"
"431",53,"Male","Post-graduate","Filipino","Donald Trump",1,"Somewhat Conservative"
"432",62,"Male","Associates 2-yr","Filipino","Donald Trump",1,"Somewhat Conservative"
"433",40,"Male","Bachelors 4-yr","Cambodian","None of These",0,"Very Conservative"
"434",39,"Female","Associates 2-yr","Filipino","Joe Biden",1,"Moderate"
"435",54,"Female","Some college","Filipino","Donald Trump",1,"Moderate"
"436",53,"Male","Post-graduate","Filipino","Someone Else",1,"Somewhat Liberal"
